{
  "format_version": "1.8.0",
  "animations": {
    "punch": {
      "animation_length": 2.54167,
      "bones": {
        "RightArm": {
          "rotation": {
            "0.0": {
              "vector": [
                0,
                0,
                0
              ]
            },
            "0.4167": {
              "vector": [
                -47.06283,
                -7.35559,
                -6.79333
              ]
            },
            "0.75": {
              "vector": [
                -84.87924,
                -12.45167,
                -1.10693
              ]
            },
            "1.375": {
              "vector": [
                -84.76173,
                -17.43002,
                -1.57616
              ]
            },
            "1.8333": {
              "vector": [
                -84.76173,
                -17.43002,
                -1.57616
              ]
            },
            "1.9583": {
              "vector": [
                29.51336,
                -20.7467,
                25.28774
              ]
            }
          }
        },
        "LeftArm": {
          "rotation": {
            "0.0": {
              "vector": [
                0,
                0,
                0
              ]
            },
            "0.0833": {
              "vector": [
                -25,
                0,
                15
              ]
            },
            "0.75": {
              "vector": [
                -52.83381,
                18.52583,
                39.14886
              ]
            },
            "1.375": {
              "vector": [
                -46.70405,
                38.14001,
                56.94812
              ]
            },
            "1.8333": {
              "vector": [
                -46.70405,
                38.14001,
                56.94812
              ]
            },
            "1.9583": {
              "vector": [
                44.47175,
                -44.55365,
                -141.10115
              ]
            }
          }
        }
      }
    }
  }
}