{
	"format_version": "1.8.0",
	"animations": {
		"airforce": {
			"animation_length": 0.875,
			"bones": {
				"right_arm": {
					"rotation": {
						"0.0": {
							"vector": [-79.82916, -4.52277, -2.22758]
						},
						"0.0833": {
							"vector": [-82.49583, -4.52277, -2.22758]
						},
						"0.1667": {
							"vector": [-82.82916, -4.52277, -2.22758]
						},
						"0.25": {
							"vector": [-78.82916, -4.52277, -2.22758]
						},
						"0.3333": {
							"vector": [-79.82916, -4.52277, -2.22758]
						},
						"0.5": {
							"vector": [114.13684, 69.96775, 135.53119]
						}
					}
				},
				"left_arm": {
					"rotation": {
						"0.0": {
							"vector": [-49.97572, 49.65791, 43.46459]
						},
						"0.0833": {
							"vector": [-45.85072, 49.65791, 43.46459]
						},
						"0.1667": {
							"vector": [-52.22572, 49.65791, 43.46459]
						},
						"0.25": {
							"vector": [-48.60072, 49.65791, 43.46459]
						},
						"0.3333": {
							"vector": [-49.97572, 49.65791, 43.46459]
						},
						"0.5": {
							"vector": [56.14265, -41.64645, -145.13025]
						}
					}
				}
			}
		}
	},
	"geckolib_format_version": 2
}