{
	"format_version": "1.8.0",
	"animations": {
		"dodge": {
			"animation_length": 1.54167,
			"bones": {
				"torso": {
					"rotation": {
						"0.0": {
							"vector": [0, 0, 0]
						},
						"0.0417": {
							"vector": [10, 0, 0]
						},
						"0.3333": {
							"vector": [125, 0, 0]
						},
						"0.5833": {
							"vector": [210, 0, 0]
						},
						"0.8333": {
							"vector": [295, 0, 0]
						},
						"0.875": {
							"vector": [332.5, 0, 0]
						},
						"1.0417": {
							"vector": [362.5, 0, 0]
						},
						"1.5417": {
							"vector": [362.5, 0, 0]
						}
					},
					"position": {
						"0.0": {
							"vector": [0, 0, 0]
						},
						"0.0833": {
							"vector": [0, -3, 0]
						},
						"0.3333": {
							"vector": [0, -9, 0]
						},
						"0.8333": {
							"vector": [0, -9, 5]
						},
						"0.875": {
							"vector": [0, -4, 5]
						},
						"1.0417": {
							"vector": [0, -2, 0]
						},
						"1.5417": {
							"vector": [0, -2, 0]
						}
					},
					"scale": {
						"vector": [1, 1, 1]
					}
				},
				"head": {
					"rotation": {
						"0.0": {
							"vector": [0, 0, 0]
						},
						"0.0417": {
							"vector": [45, 0, 0]
						},
						"0.0833": {
							"vector": [105, 0, 0]
						},
						"0.3333": {
							"vector": [175, 0, 0]
						},
						"0.5833": {
							"vector": [232.5, 0, 0]
						},
						"0.8333": {
							"vector": [320, 0, 0]
						},
						"1.0417": {
							"vector": [357.5, 0, 0]
						},
						"1.5417": {
							"vector": [357.5, 0, 0]
						}
					},
					"position": {
						"0.0": {
							"vector": [0, 0, 0]
						},
						"0.0833": {
							"vector": [0, -5, 0]
						},
						"0.3333": {
							"vector": [0, -10, 0]
						},
						"0.8333": {
							"vector": [0, -10, 5]
						},
						"0.875": {
							"vector": [0, -5, 5]
						},
						"1.0417": {
							"vector": [0, -2, 0]
						},
						"1.5417": {
							"vector": [0, -2, 0]
						}
					},
					"scale": {
						"vector": [1, 1, 1]
					}
				},
				"right_arm": {
					"rotation": {
						"0.0": {
							"vector": [0, 0, 0]
						},
						"0.0417": {
							"vector": [-92.5, 0, 0]
						},
						"0.3333": {
							"vector": [5, 0, 0]
						},
						"0.5833": {
							"vector": [42.5, 0, 0]
						},
						"0.8333": {
							"vector": [190, 0, 0]
						},
						"0.875": {
							"vector": [286.90842, 6.21271, -10.86815]
						},
						"1.0417": {
							"vector": [353.43965, 7.81302, 1.62323]
						},
						"1.5417": {
							"vector": [353.43965, 7.81302, 1.62323]
						}
					},
					"position": {
						"0.0": {
							"vector": [0, 0, 0]
						},
						"0.0833": {
							"vector": [0, -4, 0]
						},
						"0.3333": {
							"vector": [0, -10, 0]
						},
						"0.8333": {
							"vector": [0, -10, 5]
						},
						"0.875": {
							"vector": [0, -3, 5]
						},
						"1.0417": {
							"vector": [0, -2, 2]
						},
						"1.5417": {
							"vector": [0, -2, 2]
						}
					},
					"scale": {
						"vector": [1, 1, 1]
					}
				},
				"left_arm": {
					"rotation": {
						"0.0": {
							"vector": [0, 0, 0]
						},
						"0.0417": {
							"vector": [-87.5, 0, 0]
						},
						"0.0833": {
							"vector": [-77.5, 0, 0]
						},
						"0.3333": {
							"vector": [5, 0, 0]
						},
						"0.5833": {
							"vector": [37.5, 0, 0]
						},
						"0.8333": {
							"vector": [147.5, 0, 0]
						},
						"0.875": {
							"vector": [280, 0, 0]
						},
						"1.0417": {
							"vector": [342.5, 0, 0]
						},
						"1.5417": {
							"vector": [342.5, 0, 0]
						}
					},
					"position": {
						"0.0": {
							"vector": [0, 0, 0]
						},
						"0.0833": {
							"vector": [0, -3, 0]
						},
						"0.3333": {
							"vector": [0, -9, 0]
						},
						"0.8333": {
							"vector": [0, -9, 5]
						},
						"0.875": {
							"vector": [0, -3, 4]
						},
						"1.0417": {
							"vector": [0, -2, 2]
						},
						"1.5417": {
							"vector": [0, -2, 2]
						}
					},
					"scale": {
						"vector": [1, 1, 1]
					}
				},
				"right_leg": {
					"rotation": {
						"0.0": {
							"vector": [0, 0, 0]
						},
						"0.0417": {
							"vector": [42.5, 0, 0]
						},
						"0.375": {
							"vector": [90, 0, 0]
						},
						"0.4583": {
							"vector": [240, 0, 0]
						},
						"0.625": {
							"vector": [297.5, 0, 0]
						},
						"0.9167": {
							"vector": [367.5, 0, 0]
						}
					},
					"position": {
						"0.0": {
							"vector": [0, 0, 0]
						},
						"0.0417": {
							"vector": [0, -1.25, 3]
						},
						"0.125": {
							"vector": [0, 0.58, 8]
						},
						"0.1667": {
							"vector": [0, -1.5, 6]
						},
						"0.2083": {
							"vector": [0, 2.92, 8.5]
						},
						"0.25": {
							"vector": [0, 3.33, 11]
						},
						"0.2917": {
							"vector": [0, 6.67, 10]
						},
						"0.3333": {
							"vector": [0, 9.33, 9]
						},
						"0.375": {
							"vector": [0, 12, 7]
						},
						"0.4167": {
							"vector": [0, 12.17, 5.5]
						},
						"0.4583": {
							"vector": [0, 14, 5]
						},
						"0.5": {
							"vector": [0, 16, -0.5]
						},
						"0.5833": {
							"vector": [0, 11.67, -4.17]
						},
						"0.625": {
							"vector": [0, 11, -6]
						},
						"0.6667": {
							"vector": [0, 6, -6.83]
						},
						"0.7083": {
							"vector": [0, 5.1, -6.46]
						},
						"0.75": {
							"vector": [0, 0.2, -6.1]
						},
						"0.875": {
							"vector": [0, -3, -1]
						},
						"0.9167": {
							"vector": [0, -1, -2]
						},
						"1.0417": {
							"vector": [0, -1, 0]
						},
						"1.5417": {
							"vector": [0, -1, 0]
						}
					},
					"scale": {
						"vector": [1, 1, 1]
					}
				},
				"left_leg": {
					"rotation": {
						"0.0": {
							"vector": [0, 0, 0]
						},
						"0.0417": {
							"vector": [42.5, 0, 0]
						},
						"0.375": {
							"vector": [72.5, 0, 0]
						},
						"0.4583": {
							"vector": [235, 0, 0]
						},
						"0.625": {
							"vector": [305, 0, 0]
						},
						"0.9167": {
							"vector": [357.5, 0, 0]
						}
					},
					"position": {
						"0.0": {
							"vector": [0, 0, 0]
						},
						"0.0417": {
							"vector": [0, -1.25, 3]
						},
						"0.125": {
							"vector": [0, 1.25, 6.67]
						},
						"0.1667": {
							"vector": [0, -0.5, 7]
						},
						"0.2083": {
							"vector": [0, 3.75, 10.34]
						},
						"0.25": {
							"vector": [0, 4, 11.67]
						},
						"0.2917": {
							"vector": [0, 7, 9.34]
						},
						"0.3333": {
							"vector": [0, 11.5, 9.17]
						},
						"0.375": {
							"vector": [0, 12, 7]
						},
						"0.4167": {
							"vector": [0, 12.17, 4.33]
						},
						"0.4583": {
							"vector": [0, 14, 5]
						},
						"0.5": {
							"vector": [0, 16, 0]
						},
						"0.5833": {
							"vector": [0, 11.67, -4]
						},
						"0.625": {
							"vector": [0, 11, -6]
						},
						"0.6667": {
							"vector": [0, 6, -6]
						},
						"0.75": {
							"vector": [0, 0.2, -6]
						},
						"0.875": {
							"vector": [0, -3, -1]
						},
						"0.9167": {
							"vector": [0, -1, -1]
						},
						"1.0417": {
							"vector": [0, -1, 1]
						},
						"1.5417": {
							"vector": [0, -1, 1]
						}
					},
					"scale": {
						"vector": [1, 1, 1]
					}
				}
			}
		}
	},
	"geckolib_format_version": 2
}