{
	"format_version": "1.8.0",
	"animations": {
		"doublekick": {
			"animation_length": 1.75,
			"bones": {
				"torso": {
					"rotation": {
						"0.0": {
							"vector": [72.54068, 38.16625, 22.13168]
						},
						"0.2083": {
							"vector": [25.84274, 11.63313, 62.98158]
						},
						"0.375": {
							"vector": [22.42752, -40.67696, 0.90631]
						},
						"0.4583": {
							"vector": [94.40272, -60.43564, -96.3214]
						},
						"0.5417": {
							"vector": [99.55166, -72.93797, -84.01942]
						},
						"0.75": {
							"vector": [144.84319, -59.83543, -132.6985]
						},
						"0.875": {
							"vector": [161.49685, 24.25646, -171.86485]
						},
						"1.0": {
							"vector": [112.19678, 71.79018, -230.79127]
						},
						"1.125": {
							"vector": [17.04278, 9.17095, -341.23956]
						},
						"1.25": {
							"vector": [14.72079, 12.60493, -353.48182]
						}
					},
					"position": {
						"0.0833": {
							"vector": [0, 0, -7]
						},
						"0.2083": {
							"vector": [0, 0, -11]
						},
						"0.375": {
							"vector": [0, 3, -11]
						},
						"0.5417": {
							"vector": [-2, 3, -8]
						},
						"1.25": {
							"vector": [-2, 3, -6]
						},
						"1.7083": {
							"vector": [1, 0, -6]
						}
					}
				},
				"head": {
					"rotation": {
						"0.0": {
							"vector": [54.53409, 28.09315, 25.47265]
						},
						"0.2083": {
							"vector": [39.88113, -16.74849, 45.28978]
						},
						"0.375": {
							"vector": [65.17915, -47.43024, 0.95772]
						},
						"0.5417": {
							"vector": [143.9826, -48.48609, -123.04506]
						},
						"0.625": {
							"vector": [155.83477, -17.81128, -143.7932]
						},
						"0.875": {
							"vector": [139.23423, 53.35276, -186.28011]
						},
						"1.0": {
							"vector": [33.03658, 44.36456, -307.15602]
						},
						"1.125": {
							"vector": [22.95012, 1.749, -330.86755]
						},
						"1.25": {
							"vector": [20.29238, 11.09148, -354.23168]
						}
					},
					"position": {
						"0.0": {
							"vector": [0, 0, -6.5]
						},
						"0.0833": {
							"vector": [0, 0, -6]
						},
						"0.375": {
							"vector": [0, 4, -11]
						},
						"0.4583": {
							"vector": [-2.2, 4, -9.8]
						},
						"0.5417": {
							"vector": [-2, 4, -9]
						},
						"0.7083": {
							"vector": [-2, 3, -8]
						},
						"1.25": {
							"vector": [-2, 3, -6]
						},
						"1.7083": {
							"vector": [0, 0, -7]
						}
					}
				},
				"right_arm": {
					"rotation": {
						"0.0": {
							"vector": [90.63483, 30.11958, 26.57731]
						},
						"0.2083": {
							"vector": [23.05109, 13.8315, 115.36303]
						},
						"0.3333": {
							"vector": [-0.40915, 59.91161, 154.16851]
						},
						"0.5": {
							"vector": [-26.39505, -29.9537, -28.15934]
						},
						"0.625": {
							"vector": [15.94022, -29.20469, -102.50755]
						},
						"0.7083": {
							"vector": [18.85435, -34.90434, -103.81473]
						},
						"0.875": {
							"vector": [68.85435, -34.90434, -103.81473]
						},
						"1.0": {
							"vector": [116.35435, -34.90434, -103.81473]
						},
						"1.25": {
							"vector": [170.1772, 1.67238, -154.74199]
						},
						"1.7083": {
							"vector": [170.2796, -2.19472, -176.91163]
						}
					},
					"position": {
						"0.0": {
							"vector": [2, 1, -2]
						},
						"0.0833": {
							"vector": [1, 3, -4]
						},
						"0.2083": {
							"vector": [1, 5, -11]
						},
						"0.375": {
							"vector": [1, 2, -14]
						},
						"0.4583": {
							"vector": [1, 2, -14]
						},
						"0.5": {
							"vector": [2, 2, -11]
						},
						"0.625": {
							"vector": [5, 2, -11]
						},
						"0.7083": {
							"vector": [5.6, 2, -10]
						},
						"0.875": {
							"vector": [6.6, 2, -4]
						},
						"1.0": {
							"vector": [2.6, 4, -3]
						},
						"1.125": {
							"vector": [-2.4, 4, -5]
						},
						"1.25": {
							"vector": [-2.4, 4, -5]
						},
						"1.7083": {
							"vector": [-1.4, -1, -5]
						}
					}
				},
				"left_arm": {
					"rotation": {
						"0.0": {
							"vector": [89.31701, 39.35664, 21.03327]
						},
						"0.2083": {
							"vector": [211.06645, 86.66499, 149.27115]
						},
						"0.375": {
							"vector": [93.24314, 25.84909, 89.66108]
						},
						"0.5417": {
							"vector": [85.74314, 25.84909, 89.66108]
						},
						"0.6667": {
							"vector": [49.44933, 12.92386, 102.20745]
						},
						"0.75": {
							"vector": [18.24314, 25.84909, 89.66108]
						},
						"0.875": {
							"vector": [-14.25686, 25.84909, 89.66108]
						},
						"1.0": {
							"vector": [18.42843, 12.89082, 97.69402]
						},
						"1.125": {
							"vector": [-111.57157, 12.89082, 97.69402]
						},
						"1.25": {
							"vector": [-186.48642, -68.10755, 175.5473]
						},
						"1.7083": {
							"vector": [-329.9929, -66.51793, 331.57412]
						}
					},
					"position": {
						"0.0": {
							"vector": [-1, -2, -8]
						},
						"0.0833": {
							"vector": [-2, -2, -5]
						},
						"0.2083": {
							"vector": [-3, -4, -9]
						},
						"0.375": {
							"vector": [-3, 3, -5]
						},
						"0.4583": {
							"vector": [-7.4, 5.6, -3.8]
						},
						"0.5417": {
							"vector": [-7, 4, -3]
						},
						"0.6667": {
							"vector": [-9.4, 4, -3]
						},
						"0.75": {
							"vector": [-11, 4, -3]
						},
						"0.875": {
							"vector": [-13, 4, -9]
						},
						"1.0": {
							"vector": [-9, 3, -11]
						},
						"1.125": {
							"vector": [-2, 1, -7]
						},
						"1.25": {
							"vector": [-2, 3, -6]
						},
						"1.7083": {
							"vector": [1, -1, -8]
						}
					}
				},
				"right_leg": {
					"rotation": {
						"0.0": {
							"vector": [1.75585, 37.01336, 10.59359]
						},
						"0.0417": {
							"vector": [60.40058, -5.43247, 32.99851]
						},
						"0.125": {
							"vector": [15.02645, -9.68922, 110.91939]
						},
						"0.25": {
							"vector": [-54.97355, -9.68922, 110.91939]
						},
						"0.3333": {
							"vector": [-49.70782, 13.11662, 143.07665]
						},
						"0.375": {
							"vector": [-58.95861, 35.67346, 155.04279]
						},
						"0.4167": {
							"vector": [-83.31893, 13.11662, 143.07665]
						},
						"0.4583": {
							"vector": [-164.70782, 13.11662, 143.07665]
						},
						"0.6667": {
							"vector": [-254.70782, 13.11662, 143.07665]
						},
						"0.875": {
							"vector": [-249.70782, 13.11662, 143.07665]
						},
						"1.0": {
							"vector": [-322.89052, 21.49136, 87.38489]
						},
						"1.125": {
							"vector": [-352.42582, -9.91263, 21.31088]
						},
						"1.25": {
							"vector": [-348.96489, -5.80504, -3.59257]
						},
						"1.7083": {
							"vector": [-349.50512, -6.73953, 1.34898]
						}
					},
					"position": {
						"0.0": {
							"vector": [6, 6, 3]
						},
						"0.0417": {
							"vector": [2, 6, 4]
						},
						"0.125": {
							"vector": [-4, 5, -1]
						},
						"0.25": {
							"vector": [-8, 8, -5.6]
						},
						"0.3333": {
							"vector": [-6, 6, -6]
						},
						"0.375": {
							"vector": [-0.67, 3.67, -9.33]
						},
						"0.4583": {
							"vector": [1, 5, -7]
						},
						"0.6667": {
							"vector": [-2, 3, -7]
						},
						"0.875": {
							"vector": [-2, 4, -3]
						},
						"1.0": {
							"vector": [-2, 4, -1]
						},
						"1.125": {
							"vector": [-5, 4, -4]
						},
						"1.25": {
							"vector": [-3, 3, -3]
						},
						"1.7083": {
							"vector": [0, 0, -3]
						}
					}
				},
				"left_leg": {
					"rotation": {
						"0.0": {
							"vector": [29.25585, 37.01336, 10.59359]
						},
						"0.1667": {
							"vector": [77.45293, 18.82943, 55.41141]
						},
						"0.3333": {
							"vector": [64.93639, -1.10751, 62.23988]
						},
						"0.4583": {
							"vector": [15.07289, 3.78253, 71.2103]
						},
						"0.6667": {
							"vector": [-30.47573, -0.184, 87.5636]
						},
						"0.875": {
							"vector": [-82.97573, -0.184, 87.5636]
						},