{
	"format_version": "1.8.0",
	"animations": {
		"engineupkick": {
			"animation_length": 1.45833,
			"bones": {
				"torso": {
					"rotation": {
						"0.0": {
							"vector": [0, 0, 0]
						},
						"0.2917": {
							"vector": [-10, 12.5, 0]
						},
						"0.4167": {
							"vector": [-92.5, 12.5, 0]
						},
						"0.5417": {
							"vector": [-233.6616, 21.80734, -12.3304]
						},
						"0.6667": {
							"vector": [-354.93313, 3.41, -2.80667]
						},
						"1.125": {
							"vector": [-354.93313, 3.41, -2.80667]
						},
						"1.1667": {
							"vector": [0, 0, 0]
						}
					},
					"position": {
						"0.0": {
							"vector": [0, 0, 0]
						},
						"0.6667": {
							"vector": [0, 0, 0]
						},
						"1.125": {
							"vector": [0, 0, 0]
						},
						"1.1667": {
							"vector": [0, 0, 0]
						}
					}
				},
				"head": {
					"rotation": {
						"0.0": {
							"vector": [0, 0, 0]
						},
						"0.1667": {
							"vector": [-17.5, 0, 0]
						},
						"0.2917": {
							"vector": [-45, 0, 0]
						},
						"0.4167": {
							"vector": [-122.5, 0, 0]
						},
						"0.5417": {
							"vector": [-235.25313, 9.53274, -3.03513]
						},
						"0.6667": {
							"vector": [-362.75313, 9.53274, -3.03513]
						},
						"1.125": {
							"vector": [-362.75313, 9.53274, -3.03513]
						},
						"1.1667": {
							"vector": [0, 0, 0]
						}
					},
					"position": {
						"vector": [0, 0, 0]
					}
				},
				"right_arm": {
					"rotation": {
						"0.0": {
							"vector": [0, 0, 0]
						},
						"0.1667": {
							"vector": [9.22084, 5.23364, 15.91462]
						},
						"0.4167": {
							"vector": [-55.77916, 5.23364, 15.91462]
						},
						"0.5417": {
							"vector": [-231.2695, -12.56646, -14.40882]
						},
						"0.6667": {
							"vector": [-373.5488, -7.13901, 12.97287]
						},
						"1.125": {
							"vector": [-373.5488, -7.13901, 12.97287]
						},
						"1.1667": {
							"vector": [0, 0, 0]
						}
					},
					"position": {
						"vector": [0, 0, 0]
					}
				},
				"left_arm": {
					"rotation": {
						"0.0": {
							"vector": [0, 0, 0]
						},
						"0.1667": {
							"vector": [25.68482, 10.17781, -20.17393]
						},
						"0.4167": {
							"vector": [-64.31518, 10.17781, -20.17393]
						},
						"0.5417": {
							"vector": [-220.98512, 40.4846, 9.36303]
						},
						"0.6667": {
							"vector": [-393.20469, 25.787, -25.64207]
						},
						"1.125": {
							"vector": [-393.20469, 25.787, -25.64207]
						},
						"1.1667": {
							"vector": [0, 0, 0]
						}
					},
					"position": {
						"0.0": {
							"vector": [0, 0, 0]
						},
						"0.6667": {
							"vector": [0, 0, -1]
						},
						"1.125": {
							"vector": [0, 0, -1]
						},
						"1.1667": {
							"vector": [0, 0, 0]
						}
					}
				},
				"right_leg": {
					"rotation": {
						"0.0": {
							"vector": [0, 0, 0]
						},
						"0.1667": {
							"vector": [27.04589, -2.99318, 17.25002]
						},
						"0.4167": {
							"vector": [11.81723, 12.57269, -14.31074]
						},
						"0.4583": {
							"vector": [170.9839, 12.57269, -14.31074]
						},
						"0.5417": {
							"vector": [151.81723, 12.57269, -14.31074]
						},
						"0.6667": {
							"vector": [-0.48094, 8.499, 0.37783]
						},
						"1.125": {
							"vector": [-0.48094, 8.499, 0.37783]
						},
						"1.1667": {
							"vector": [0, 0, 0]
						}
					},
					"position": {
						"0.0": {
							"vector": [0, 0, 0]
						},
						"0.1667": {
							"vector": [-1.25, -0.5, -1.5]
						},
						"0.2917": {
							"vector": [-1.62, 0.75, -1.75]
						},
						"0.4167": {
							"vector": [-2, 12, -12]
						},
						"0.5": {
							"vector": [0.67, 23.67, 2.67]
						},
						"0.5417": {
							"vector": [2, 19, 10]
						},
						"0.5833": {
							"vector": [1.67, 12.67, 10.33]
						},
						"0.6667": {
							"vector": [1, 0, 2]
						},
						"1.125": {
							"vector": [1, 0, 2]
						},
						"1.1667": {
							"vector": [0, 0, 0]
						}
					}
				},
				"left_leg": {
					"rotation": {
						"0.0": {
							"vector": [0, 0, 0]
						},
						"0.1667": {
							"vector": [60, 0, -67.5]
						},
						"0.2917": {
							"vector": [-138.2162, 4.11902, -18.95167]
						},
						"0.4167": {
							"vector": [-208.2162, 4.11902, -18.95167]
						},
						"0.5417": {
							"vector": [-202.22582, 18.29796, 10.96014]
						},
						"0.6667": {
							"vector": [-361.5515, 8.15695, -1.71769]
						},
						"1.125": {
							"vector": [-361.5515, 8.15695, -1.71769]
						},
						"1.1667": {
							"vector": [0, 0, 0]
						}
					},
					"position": {
						"0.0": {
							"vector": [0, 0, 0]
						},
						"0.2917": {
							"vector": [0, 0, -3]
						},
						"0.4167": {
							"vector": [-2, 12, -12]
						},
						"0.5": {
							"vector": [0.67, 24.33, 2]
						},
						"0.5417": {
							"vector": [2, 20, 9]
						},
						"0.5833": {
							"vector": [1.67, 13.33, 10.33]
						},
						"0.6667": {
							"vector": [1, 0, 1]
						},
						"1.125": {
							"vector": [1, 0, 1]
						},
						"1.1667": {
							"vector": [0, 0, 0]
						}
					}
				}
			}
		}
	}
}