{
	"format_version": "1.8.0",
	"animations": {
		"fajin": {
			"animation_length": 1.125,
			"bones": {
				"torso": {
					"rotation": {
						"0.0": {
							"vector": [0, 0, 0]
						},
						"0.2917": {
							"vector": [0, -17.5, 0]
						},
						"0.625": {
							"vector": [0, -17.5, 0]
						},
						"0.7917": {
							"vector": [0, 0, 0]
						}
					}
				},
				"head": {
					"rotation": {
						"0.0": {
							"vector": [0, 0, 0]
						},
						"0.2917": {
							"vector": [10, -15, 0]
						},
						"0.625": {
							"vector": [10, -15, 0]
						},
						"0.7917": {
							"vector": [0, 0, 0]
						}
					}
				},
				"right_arm": {
					"rotation": {
						"0.0": {
							"vector": [0, 0, 0]
						},
						"0.2083": {
							"vector": [-73.31754, -23.7695, -7.98205]
						},
						"0.375": {
							"vector": [-88.31754, -23.7695, -7.98205]
						},
						"0.7917": {
							"vector": [0, 0, 0]
						}
					},
					"position": {
						"0.0": {
							"vector": [0, 0, 0]
						},
						"0.2083": {
							"vector": [0, 0, 2]
						},
						"0.375": {
							"vector": [0, 0, -2]
						},
						"0.5": {
							"vector": [0, 0, 0]
						},
						"0.625": {
							"vector": [0, 0, 0]
						},
						"0.7917": {
							"vector": [0, 0, 0]
						}
					},
					"scale": {
						"vector": [1, 1, 1]
					}
				},
				"left_arm": {
					"rotation": {
						"0.0": {
							"vector": [0, 0, 0]
						},
						"0.2917": {
							"vector": [-2.66022, -19.98015, 0.90956]
						},
						"0.625": {
							"vector": [-2.66022, -19.98015, 0.90956]
						},
						"0.7917": {
							"vector": [0, 0, 0]
						}
					},
					"position": {
						"vector": [0, 0, 0]
					}
				},
				"right_leg": {
					"rotation": {
						"0.0": {
							"vector": [0, 0, 0]
						},
						"0.2917": {
							"vector": [7.67995, 12.39135, 1.6575]
						},
						"0.625": {
							"vector": [7.67995, 12.39135, 1.6575]
						},
						"0.7917": {
							"vector": [0, 0, 0]
						}
					}
				},
				"left_leg": {
					"rotation": {
						"0.0": {
							"vector": [0, 0, 0]
						},
						"0.2917": {
							"vector": [-7.5, -17.5, 0]
						},
						"0.625": {
							"vector": [-7.5, -17.5, 0]
						},
						"0.7917": {
							"vector": [0, 0, 0]
						}
					}
				}
			}
		}
	},
	"geckolib_format_version": 2
}