{
	"format_version": "1.8.0",
	"animations": {
		"icewalls": {
			"animation_length": 0.83333,
			"bones": {
				"torso": {
					"rotation": {
						"0.0": {
							"vector": [0, 0, 0]
						},
						"0.25": {
							"vector": [67.5, 0, 0]
						},
						"0.4167": {
							"vector": [67.5, 0, 0]
						},
						"0.6667": {
							"vector": [0, 0, 0]
						}
					},
					"position": {
						"0.0": {
							"vector": [0, 0, 0]
						},
						"0.25": {
							"vector": [0, -11, -5]
						},
						"0.4167": {
							"vector": [0, -11, -5]
						},
						"0.6667": {
							"vector": [0, 0, 0]
						}
					}
				},
				"head": {
					"rotation": {
						"0.0": {
							"vector": [0, 0, 0]
						},
						"0.25": {
							"vector": [47.5, 0, 0]
						},
						"0.4167": {
							"vector": [47.5, 0, 0]
						},
						"0.6667": {
							"vector": [0, 0, 0]
						}
					},
					"position": {
						"0.0": {
							"vector": [0, 0, 0]
						},
						"0.25": {
							"vector": [0, -11, -5]
						},
						"0.4167": {
							"vector": [0, -11, -5]
						},
						"0.6667": {
							"vector": [0, 0, 0]
						}
					}
				},
				"right_arm": {
					"rotation": {
						"0.0": {
							"vector": [0, 0, 0]
						},
						"0.25": {
							"vector": [-70.51, -61.85538, 47.33058]
						},
						"0.4167": {
							"vector": [-70.51, -61.85538, 47.33058]
						},
						"0.6667": {
							"vector": [0, 0, 0]
						}
					},
					"position": {
						"0.0": {
							"vector": [0, 0, 0]
						},
						"0.25": {
							"vector": [0, -13, -2]
						},
						"0.4167": {
							"vector": [0, -13, -2]
						},
						"0.6667": {
							"vector": [0, 0, 0]
						}
					}
				},
				"left_arm": {
					"rotation": {
						"0.0": {
							"vector": [0, 0, 0]
						},
						"0.25": {
							"vector": [81.38714, 27.24513, -81.55764]
						},
						"0.4167": {
							"vector": [81.38714, 27.24513, -81.55764]
						},
						"0.6667": {
							"vector": [0, 0, 0]
						}
					},
					"position": {
						"0.0": {
							"vector": [0, 0, 0]
						},
						"0.25": {
							"vector": [0, -12, -2]
						},
						"0.4167": {
							"vector": [0, -12, -2]
						},
						"0.6667": {
							"vector": [0, 0, 0]
						}
					}
				},
				"right_leg": {
					"rotation": {
						"0.0": {
							"vector": [0, 0, 0]
						},
						"0.25": {
							"vector": [19.5623, -4.2453, 11.76782]
						},
						"0.4167": {
							"vector": [19.5623, -4.2453, 11.76782]
						},
						"0.6667": {
							"vector": [0, 0, 0]
						}
					},
					"position": {
						"0.0": {
							"vector": [0, 0, 0]
						},
						"0.25": {
							"vector": [0, -3, 6]
						},
						"0.4167": {
							"vector": [0, -3, 6]
						},
						"0.6667": {
							"vector": [0, 0, 0]
						}
					}
				},
				"left_leg": {
					"rotation": {
						"0.0": {
							"vector": [0, 0, 0]
						},
						"0.25": {
							"vector": [-10, -22.5, 0]
						},
						"0.4167": {
							"vector": [-10, -22.5, 0]
						},
						"0.6667": {
							"vector": [0, 0, 0]
						}
					},
					"position": {
						"0.0": {
							"vector": [0, 0, 0]
						},
						"0.25": {
							"vector": [0, -2, 6]
						},
						"0.4167": {
							"vector": [0, -2, 6]
						},
						"0.6667": {
							"vector": [0, 0, 0]
						}
					}
				}
			}
		}
	}
}