{
	"format_version": "1.8.0",
	"animations": {
		"kick": {
			"animation_length": 1.125,
			"bones": {
				"torso": {
					"rotation": {
						"0.0": {
							"vector": [0, 0, 0]
						},
						"0.4583": {
							"vector": [7.5, 5, 0]
						},
						"0.75": {
							"vector": [0, 0, 0],
							"easing": "linear"
						}
					}
				},
				"head": {
					"rotation": {
						"0.0": {
							"vector": [0, 0, 0]
						},
						"0.4583": {
							"vector": [22.5, 0, 0]
						},
						"0.6667": {
							"vector": [-10, 0, 0]
						},
						"1.125": {
							"vector": [0, 0, 0]
						}
					}
				},
				"right_arm": {
					"rotation": {
						"0.0": {
							"vector": [0, 0, 0]
						},
						"0.4583": {
							"vector": [-47.06283, 7.35559, 6.79333]
						},
						"0.6667": {
							"vector": [40.43717, 7.35559, 6.79333]
						},
						"1.125": {
							"vector": [0, 0, 0]
						}
					}
				},
				"left_arm": {
					"rotation": {
						"0.0": {
							"vector": [0, 0, 0]
						},
						"0.4583": {
							"vector": [-48.2367, -15.18892, -13.16783]
						},
						"0.6667": {
							"vector": [44.2633, -15.18892, -13.16783]
						},
						"1.125": {
							"vector": [0, 0, 0]
						}
					}
				},
				"right_leg": {
					"rotation": {
						"0.0": {
							"vector": [0, 0, 0]
						},
						"0.1667": {
							"vector": [-17.5, 0, 0]
						},
						"0.7917": {
							"vector": [-11.5, 0, 0]
						},
						"0.9583": {
							"vector": [0, 0, 0]
						}
					}
				},
				"left_leg": {
					"rotation": {
						"0.0": {
							"vector": [0, 0, 0]
						},
						"0.4583": {
							"vector": [32.68972, -25.33407, -8.23186],
							"easing": "easeInBack"
						},
						"0.6667": {
							"vector": [-157.48382, -4.36038, 9.83875]
						},
						"1.125": {
							"vector": [0, 0, 0]
						}
					}
				}
			}
		}
	},
	"geckolib_format_version": 2
}