{
	"format_version": "1.8.0",
	"animations": {
		"shoot_style_kick_on_ground": {
			"animation_length": 1,
			"bones": {
				"torso": {
					"rotation": {
						"0.0": {
							"vector": [0, 37.5, 0]
						},
						"0.0889": {
							"vector": [0, 37.5, 0]
						},
						"0.1556": {
							"vector": [0.77844, 8.08013, 0.75166]
						},
						"0.2222": {
							"vector": [-2.19915, 4.36553, 0.81303]
						},
						"0.3111": {
							"vector": [-2.19915, 4.36553, 0.81303]
						},
						"0.8667": {
							"vector": [0, 0, 0]
						}
					},
					"position": {
						"0.0": {
							"vector": [0, 0, 0]
						},
						"0.0889": {
							"vector": [0, 0, 0]
						},
						"0.8667": {
							"vector": [0, 0, 0]
						}
					}
				},
				"head": {
					"rotation": {
						"0.0": {
							"vector": [2.50238, -2.49762, -0.10912]
						},
						"0.0889": {
							"vector": [2.50238, -2.49762, -0.10912]
						},
						"0.2222": {
							"vector": [19.37906, 5.10601, -4.77837]
						},
						"0.3111": {
							"vector": [19.37906, 5.10601, -4.77837]
						},
						"0.8667": {
							"vector": [0, 0, 0]
						}
					},
					"position": {
						"0.0": {
							"vector": [0, 0, 0]
						},
						"0.0889": {
							"vector": [0, 0, 0]
						},
						"0.8667": {
							"vector": [0, 0, 0]
						}
					}
				},
				"right_arm": {
					"rotation": {
						"0.0": {
							"vector": [-12.03654, 32.46527, 1.59176]
						},
						"0.2889": {
							"vector": [-117.073, 21.5922, 2.84869]
						},
						"0.6": {
							"vector": [62.27996, -14.46545, 9.42769]
						},
						"0.8667": {
							"vector": [0, 0, 0]
						}
					},
					"position": {
						"0.0": {
							"vector": [0, 0, 3]
						},
						"0.2889": {
							"vector": [0, -1, 1]
						},
						"0.8667": {
							"vector": [0, 0, 0]
						}
					}
				},
				"left_arm": {
					"rotation": {
						"0.0": {
							"vector": [0, 25, 0]
						},
						"0.0889": {
							"vector": [0, 25, 0]
						},
						"0.2889": {
							"vector": [-109.68049, 14.66225, 3.7764]
						},
						"0.6": {
							"vector": [58.72275, 4.82475, -29.5088]
						},
						"0.8667": {
							"vector": [0, 0, 0]
						}
					},
					"position": {
						"0.0": {
							"vector": [-1, 0, -4]
						},
						"0.0889": {
							"vector": [-1, 0, -4]
						},
						"0.2889": {
							"vector": [0, -1, 2]
						},
						"0.8667": {
							"vector": [0, 0, 0]
						}
					}
				},
				"right_leg": {
					"rotation": {
						"0.0": {
							"vector": [0, 35, 0]
						},
						"0.0889": {
							"vector": [0, 35, 0]
						},
						"0.1556": {
							"vector": [-5.63452, 7.09897, 21.80865]
						},
						"0.3111": {
							"vector": [-12.21312, 8.261, 21.43673]
						},
						"0.4667": {
							"vector": [-130.53152, -1.22496, 3.36748]
						},
						"0.6222": {
							"vector": [-130.53152, -1.22496, 3.36748]
						},
						"0.8667": {
							"vector": [0, 0, 0]
						}
					},
					"position": {
						"0.0": {
							"vector": [-1, 2.97, 0.54]
						},
						"0.0889": {
							"vector": [-1, 2.97, 0.54]
						},
						"0.1556": {
							"vector": [0, 3.4, -3.1]
						},
						"0.3111": {
							"vector": [0, 4, -3]
						},
						"0.4667": {
							"vector": [0, 0.29, -2.64]
						},
						"0.6222": {
							"vector": [0, 0.29, -2.64]
						},
						"0.8667": {
							"vector": [0, 0, 0]
						}
					}
				},
				"left_leg": {
					"rotation": {
						"0.0": {
							"vector": [0, 0, 0]
						},
						"0.0889": {
							"vector": [0, 0, 0]
						},
						"0.2222": {
							"vector": [-7.5, 0, 0]
						},
						"0.3111": {
							"vector": [-7.5, 0, 0]
						},
						"0.4667": {
							"vector": [4.85, 0, 0]
						},
						"0.8667": {
							"vector": [0, 0, 0]
						}
					},
					"position": {
						"0.0": {
							"vector": [0, 0, -1]
						},
						"0.0889": {
							"vector": [0, 0, -1]
						},
						"0.2222": {
							"vector": [0, 0, 0]
						},
						"0.3111": {
							"vector": [0, 0, 0]
						},
						"0.8667": {
							"vector": [0, 0, 0]
						}
					}
				}
			}
		}
	}
}