{
	"format_version": "1.8.0",
	"animations": {
		"wind_ballista": {
			"animation_length": 4,
			"bones": {
				"right_arm": {
					"rotation": {
						"0.0": {
							"vector": [-73.85946, -38.86967, -10.29354]
						},
						"0.25": {
							"vector": [-73.85946, -38.86967, -10.29354]
						},
						"0.375": {
							"vector": [-75.96729, 26.79524, 6.42848]
						},
						"0.6667": {
							"vector": [-75.96729, 26.79524, 6.42848]
						},
						"0.75": {
							"vector": [-77.31336, -9.76061, -2.18558]
						}
					},
					"position": {
						"0.0": {
							"vector": [-2, 0, 0]
						},
						"0.25": {
							"vector": [-2, 0, 0]
						},
						"0.375": {
							"vector": [0, 0, 3]
						},
						"0.6667": {
							"vector": [0, 0, 3]
						},
						"0.75": {
							"vector": [0, 0, -3]
						}
					}
				},
				"left_arm": {
					"rotation": {
						"0.0": {
							"vector": [-72.59256, 43.65747, 12.2127]
						},
						"0.25": {
							"vector": [-72.59256, 43.65747, 12.2127]
						},
						"0.375": {
							"vector": [-75.64115, -29.21893, -7.12284]
						},
						"0.6667": {
							"vector": [-75.64115, -29.21893, -7.12284]
						},
						"0.75": {
							"vector": [-77.39557, 7.32123, 1.63219]
						}
					},
					"position": {
						"0.0": {
							"vector": [2, 0, 0]
						},
						"0.25": {
							"vector": [2, 0, 0]
						},
						"0.375": {
							"vector": [0, 0, 3]
						},
						"0.6667": {
							"vector": [0, 0, 3]
						},
						"0.75": {
							"vector": [0, 0, -3]
						}
					}
				}
			}
		}
	}
}